u_id,u_sentiment,u_stance
259896187,negative,other
6312362,mixed,other
102635510,mixed,other
508734872,mixed,other
130342625,mixed,other
4185556702,mixed,leave
1723377714,mixed,other
4288338616,negative,other
1550984940,mixed,other
777687276,mixed,other
251497683,mixed,other
2198481037,negative,other
397526411,negative,other
69286547,mixed,other
2460515510,mixed,other
486386296,mixed,other
136502927,mixed,other
1372545170,neutral,leave
77776648,mixed,other
3293819495,mixed,leave
368215075,mixed,other
4144951289,positive,other
3111482895,mixed,other
34935688,mixed,remain
2436958382,mixed,remain
2850022474,mixed,remain
3380016922,mixed,remain
3399272567,mixed,remain
2938170125,mixed,remain
4098465154,mixed,remain
4582513450,mixed,remain
4019610917,mixed,remain
2393261186,mixed,other
3329323871,neutral,remain
3088255293,mixed,remain
24744541,mixed,remain
3308095682,mixed,remain
1861413494,mixed,other
2613432702,mixed,remain
212884671,mixed,remain
107200607,mixed,remain
102983533,mixed,remain
2751796116,mixed,remain
24481831,mixed,remain
955956284,mixed,remain
3908234775,mixed,remain
98679589,mixed,other
540043470,mixed,remain
1538372454,mixed,remain
2162896657,mixed,remain
1237320691,mixed,remain
2814425150,mixed,remain
978164348,neutral,remain
166682415,mixed,remain
1877161100,mixed,other
2976746529,mixed,remain
83364690,mixed,remain
1490914789,mixed,remain
1435760725,mixed,other
296139946,mixed,remain
1718837262,mixed,remain
38632923,neutral,remain
2172571639,mixed,remain
724570608,mixed,remain
1596687186,mixed,remain
1875939270,mixed,other
3191844098,mixed,remain
1558604186,mixed,other
2527420590,mixed,remain
4395923367,mixed,remain
428153533,mixed,remain
112534461,mixed,remain
571499665,mixed,other
2170989733,mixed,other
3069760247,mixed,remain
3394811787,mixed,remain
17836555,mixed,other
306104938,mixed,other
216687772,mixed,remain
4576642936,mixed,other
1080559760,mixed,remain
3096759563,mixed,remain
3854582813,positive,remain
2962824201,mixed,other
750816918,negative,other
2805219063,mixed,other
15864377,mixed,remain
129982796,mixed,other
126599658,mixed,other
2822530175,mixed,other
86241025,mixed,other
446645532,mixed,other
555370896,mixed,other
271297553,negative,other
135263108,mixed,other
843864625,mixed,other
1574971939,mixed,other
138579043,mixed,other
2220945398,mixed,other
34637101,mixed,other
2838333676,negative,other
100940918,mixed,other
938788579,mixed,other
3041375236,mixed,other
167419922,mixed,other
2663116351,negative,other
2751594014,mixed,other
31075190,mixed,leave
132541849,mixed,other
4448893401,mixed,other
274405751,mixed,other
102691451,mixed,other
297286429,mixed,other
30317781,mixed,other
563108976,mixed,other
2737029641,neutral,other
1665457951,mixed,other
2723660593,mixed,other
3145601770,mixed,other
66173189,mixed,other
236339055,mixed,other
325168795,mixed,other
54153498,negative,leave
2370630903,mixed,other
145637907,mixed,other
3238875658,mixed,other
2282325169,mixed,remain
180834935,mixed,other
328577933,mixed,other
2762592056,mixed,other
15491330,positive,other
24862210,positive,other
2170986966,mixed,other
139142932,mixed,other
2875647729,mixed,other
123962559,mixed,leave
546758838,mixed,remain
14685924,mixed,other
229446071,mixed,other
577670568,mixed,other
16270167,mixed,other
289511094,mixed,other
240192814,mixed,other
249880957,mixed,other
17875880,mixed,other
17807719,mixed,other
87498576,positive,other
630321437,mixed,other
141383006,mixed,other
34937510,positive,other
1634763686,mixed,other
1119922741,mixed,other
861030870,mixed,other
1055197866,mixed,other
421105330,mixed,other
179752508,mixed,other
192993369,mixed,other
20501362,negative,other
459196789,mixed,other
390263070,negative,other
104815579,mixed,other
310746442,mixed,other
462238790,mixed,other
391510019,mixed,other
432585401,mixed,other
217078361,mixed,other
259764002,mixed,other
133247890,mixed,other
396095407,mixed,other
1316707231,mixed,other
209511347,mixed,remain
121171051,mixed,other
7349062,mixed,other
1283632358,mixed,remain
580622743,mixed,other
2392520408,mixed,other
67879486,mixed,other
2814706747,mixed,other
16558943,mixed,other
32868707,mixed,other
292986815,mixed,other
256456300,mixed,other
83711992,mixed,other
37972207,mixed,other
169538164,mixed,remain
502530129,mixed,other
284247657,mixed,other
3209265820,mixed,other
2992834163,mixed,other
4272847043,positive,leave
19775104,mixed,other
79737242,mixed,other
60303301,mixed,other
701621977,mixed,other
334229743,negative,other
442880133,mixed,other
517707729,mixed,other
17999966,mixed,other
36777333,negative,leave
1387141939,mixed,other
30268894,mixed,other
121171958,mixed,other
288909699,mixed,other
2974636437,mixed,other
23860420,positive,remain
3926907142,mixed,other
1058056284,mixed,other
19198480,mixed,other
44620154,mixed,other
370057201,mixed,other
1966149666,mixed,other
1966240603,mixed,other
1950180020,mixed,other
1950208243,mixed,other
2175847076,mixed,other
1950231350,mixed,other
1950211699,mixed,other
1966198908,mixed,other
1966248877,mixed,other
1950088040,mixed,other
1950183332,mixed,other
1966122492,mixed,other
1950210391,mixed,other
1950187358,mixed,other
1966230164,mixed,other
1950189410,mixed,other
1950082610,mixed,other
1966206097,mixed,other
1964817632,mixed,other
1966274251,mixed,other
2177414468,mixed,other
1950146958,mixed,other
1950085880,mixed,other
17665641,mixed,other
67345697,mixed,other
450700025,mixed,remain
2242207094,mixed,other
48254583,mixed,other
22000461,mixed,other
131192086,mixed,other
139461658,mixed,other
218523379,mixed,other
1934304050,mixed,other
117597342,mixed,other
284150833,mixed,other
180150531,mixed,other
4333388489,mixed,other
18160357,mixed,other
3129733982,positive,other
2809199665,mixed,other
268281388,mixed,other
107243579,mixed,other
56358450,neutral,other
2855861355,mixed,other
145894900,mixed,other
195706301,negative,other
183118752,negative,other
280034326,negative,remain
34262166,negative,other
327941852,mixed,other
1547574926,mixed,remain
23768824,mixed,other
123076750,mixed,other
413062600,positive,other
274744519,mixed,other
2625045199,mixed,remain
330990433,mixed,other
561781298,mixed,other
39047986,mixed,other
359575604,mixed,other
2572861499,neutral,remain
472440708,mixed,other
2250489164,mixed,other
743901649,mixed,other
19405733,mixed,other
93494736,mixed,other
79972363,mixed,other
2430410856,mixed,other
337712938,mixed,other
169943413,mixed,other
51199582,negative,other
227449981,mixed,other
576604067,mixed,other
41366591,negative,other
251489038,negative,other
3394509993,mixed,other
2682466346,mixed,other
27019464,mixed,other
497860731,mixed,other
330628183,mixed,other
3430582660,mixed,other
3013595631,mixed,other
2394838316,neutral,other
499696436,mixed,other
943718186,mixed,other
3832681397,negative,other
1037431796,mixed,other
346720029,mixed,other
236922298,mixed,remain
280794982,mixed,other
1868412007,mixed,other
2444051599,mixed,other
3012523403,positive,leave
4580223035,negative,leave
527387944,mixed,other
17174257,negative,other
111442679,mixed,other
72577095,mixed,other
2186150534,mixed,remain
138523860,mixed,other
21417687,mixed,other
138418838,mixed,other
1734909667,mixed,other
2320728506,negative,other
81302916,mixed,other
2263911484,negative,other
169875741,mixed,other
1171473138,mixed,other
91392343,mixed,other
402945124,mixed,remain
133259087,mixed,leave
1208260291,mixed,other
22913074,positive,other
19348306,positive,other
3342994455,positive,leave
1659942950,negative,other
2828337932,negative,other
370848089,mixed,other
311612708,mixed,other
570693830,mixed,other
2322734663,neutral,remain
266505722,mixed,other
2673238363,mixed,other
3056392245,mixed,other
409499330,mixed,other
2331625888,mixed,other
2274840195,mixed,other
579880873,mixed,other
2891922856,mixed,other
267260451,mixed,other
4686994050,negative,remain
297024066,mixed,other
157765502,mixed,remain
19529200,negative,other
482066341,mixed,other
4426507168,mixed,other
20781527,mixed,other
206962580,mixed,other
18632946,mixed,other
745866908,mixed,other
2964741935,mixed,other
400189987,mixed,other
3709062616,mixed,other
4689896292,mixed,other
3415586445,mixed,other
69921786,mixed,other
431512597,mixed,other
238930175,negative,other
1300771285,positive,leave
88510293,mixed,other
382442639,mixed,other
126681958,mixed,other
269207667,mixed,other
2389336800,mixed,other
35761322,mixed,remain
571104821,mixed,other
302237917,negative,other
361455056,mixed,other
509212441,mixed,other
185732799,negative,other
4662932775,negative,other
985436882,mixed,other
2535446095,mixed,other
22677425,neutral,other
7587032,mixed,other
351439049,mixed,other
113050195,mixed,other
289148078,mixed,other
177298301,mixed,other
4439941936,mixed,other
307064758,mixed,other
3165009256,mixed,other
2255634398,mixed,other
473867269,mixed,other
2991827675,positive,other
2716028982,mixed,other
218130015,mixed,other
2471049920,mixed,other
182366037,mixed,other
1552797438,mixed,other
326212431,mixed,other
115777637,mixed,other
579879208,mixed,other
73953536,mixed,other
180861659,mixed,other
1216821044,mixed,other
607323613,mixed,remain
384004987,mixed,other
3332731738,mixed,other
243170126,negative,other
128908289,mixed,remain
299249277,mixed,other
24052713,mixed,other
2201377687,mixed,other
635335663,mixed,other
82464591,mixed,other
3005651439,mixed,other
857097865,mixed,other
2202562651,negative,other
1024041498,mixed,other
104876737,mixed,other
2417951521,negative,other
102659635,mixed,other
1471944446,mixed,other
428450289,mixed,other
22250650,mixed,other
861876666,mixed,other
702976250,mixed,other
109335745,mixed,other
295862927,mixed,other
4152648803,mixed,other
56973944,mixed,other
1116936924,mixed,other
284566108,mixed,other
1222918988,mixed,other
3290884586,mixed,other
25668050,mixed,other
20329271,mixed,other
15861698,mixed,other
21696535,mixed,other
1392639361,mixed,other
44576436,mixed,other
3297136071,negative,other
164632749,mixed,other
243985729,negative,other
2984516985,neutral,other
868628960,mixed,other
35054369,mixed,other
46903629,mixed,other
257097577,mixed,other
1374683634,mixed,other
2737090263,mixed,other
948314394,negative,other
251817122,mixed,other
303059963,mixed,other
48743135,mixed,other
1012073593,mixed,other
171287242,mixed,other
2212753740,mixed,other
1389943687,mixed,other
715941914,mixed,other
37966289,mixed,remain
713306152,mixed,other
471183778,negative,other
837933536,mixed,other
168644899,mixed,other
322093174,mixed,other
3428289335,mixed,other
263628731,mixed,other
393221287,mixed,other
183998445,mixed,other
49129140,mixed,other
67428426,mixed,other
22836487,mixed,other
593961365,mixed,other
159682411,negative,other
2809611224,mixed,other
229970770,mixed,other
20946099,negative,other
524842574,mixed,other
118736440,mixed,other
1349325348,mixed,leave
295283950,mixed,other
2614172701,mixed,other
212271184,mixed,remain
327321956,mixed,other
2759118644,mixed,other
18891281,mixed,other
2913726159,mixed,other
89740531,mixed,other
82313419,mixed,remain
1010182364,mixed,other
3130583288,positive,other
4146214853,mixed,other
3138527236,positive,other
21078035,mixed,other
2318119938,mixed,other
105819866,mixed,other
47789476,mixed,other
22481472,mixed,other
1204324428,mixed,other
449742937,mixed,other
3381716267,mixed,other
67397583,mixed,other
3372016275,mixed,other
1341405523,mixed,other
3026881975,negative,other
3294001816,mixed,other
101256555,mixed,other
364885043,mixed,other
108132519,mixed,other
1574610222,mixed,other
83263701,mixed,other
3056398006,mixed,other
627423111,mixed,other
755856890,mixed,other
388369221,mixed,other
1426400280,mixed,other
3189001238,mixed,other
227803146,mixed,other
314480344,mixed,other
2312413382,mixed,other
896927635,mixed,other
3177406031,mixed,other
864630474,mixed,other
261805462,mixed,other
773798108,mixed,other
4692006192,mixed,leave
2668877380,mixed,other
77069029,mixed,other
1074204212,mixed,other
3208482538,mixed,other
295591327,mixed,other
120262264,mixed,other
943474375,negative,other
3179168410,mixed,other
630086178,mixed,other
56670976,negative,other
823547468,mixed,other
2995947945,mixed,other
3031064549,negative,other
2301916261,mixed,other
2873611347,mixed,other
4633530137,mixed,leave
110273384,mixed,other
960727753,mixed,other
77540948,mixed,other
610735688,mixed,other
243825867,mixed,other
523085134,mixed,other
608804472,mixed,other
2824909382,mixed,other
771989142,mixed,other
21856182,mixed,other
2898409458,mixed,other
93207353,mixed,other
729260678,mixed,other
312531954,mixed,other
549513785,mixed,other
4549893035,negative,other
2863589579,mixed,other
2858558377,mixed,other
4245561142,mixed,other
239736419,mixed,other
615835757,mixed,other
6795642,mixed,other
15306413,mixed,other
1673236327,mixed,other
2525678173,mixed,other
1372385815,mixed,other
420589838,mixed,other
37904085,mixed,other
34554377,mixed,other
3374515492,mixed,other
15084853,mixed,other
1182148069,mixed,other
340825754,mixed,other
2394634249,mixed,other
163973992,mixed,other
4172796863,mixed,other
13306152,mixed,remain
555195877,mixed,other
79131906,mixed,other
150801256,mixed,other
722011406,mixed,other
444712356,mixed,other
1368158780,mixed,other
79501980,mixed,other
610402421,mixed,remain
1371525726,mixed,other
2847157805,mixed,remain
803918294,mixed,other
323771877,negative,other
3323088981,mixed,other
784843771,mixed,other
187579804,mixed,other
2471177026,positive,remain
9176452,mixed,other
2716631893,mixed,other
1372080631,mixed,other
408759579,mixed,other
218085573,negative,other
87533919,mixed,other
565777824,mixed,other
19018544,mixed,other
631865146,mixed,other
468777277,mixed,remain
1044928850,mixed,remain
714513049,mixed,other
70664947,positive,other
217016444,mixed,other
277954367,mixed,leave
211849298,mixed,other
1344025826,mixed,other
474073938,mixed,other
1446943471,positive,other
20229729,positive,other
200838452,mixed,other
2316170778,mixed,other
35760904,mixed,other
80943338,mixed,other
234334195,mixed,other
1305846481,positive,other
301967736,mixed,other
304307433,negative,other
3437219110,mixed,other
18690729,neutral,other
121884948,mixed,other
547658174,negative,other
321228233,mixed,other
346665484,mixed,other
59921420,mixed,other
133632020,mixed,other
910067492,mixed,other
4152768329,positive,other
20550442,mixed,other
29047218,mixed,other
20130977,mixed,other
3362688082,mixed,other
77196907,negative,other
93753223,mixed,other
18671865,mixed,other
98583506,mixed,other
19644086,mixed,other
2971182161,mixed,other
3227811364,mixed,other
19451664,mixed,other
937019478,mixed,other
3135565264,mixed,leave
156629753,mixed,other
2560611382,mixed,other
20232848,mixed,other
51053575,mixed,other
110478289,mixed,other
2292552590,mixed,remain
151395708,mixed,other
3926963043,positive,other
2901348107,mixed,other
24069453,negative,other
24519519,mixed,other
133385126,mixed,other
3225366755,mixed,other
24074614,mixed,other
1725621085,positive,other
1157751499,mixed,remain
3198974697,mixed,other
259218286,mixed,other
1273286568,mixed,other
466643622,mixed,other
21387734,mixed,other
1215947096,mixed,other
160148605,mixed,other
122680483,mixed,other
318489159,mixed,other
14493047,mixed,other
378131364,mixed,other
4076390121,positive,other
282556450,mixed,other
21178239,mixed,other
57057518,positive,other
249075947,mixed,other
18899855,mixed,other
461743587,mixed,remain
259640758,mixed,remain
337862963,mixed,other
19067641,neutral,other
222260717,negative,remain
3421659579,neutral,remain
3298400469,mixed,other
2365445227,negative,remain
275547016,mixed,other
1412744954,mixed,other
1851508262,mixed,other
3499131,neutral,other
1525521108,mixed,other
2616910340,mixed,other
2822505065,mixed,other
532337396,mixed,other
1166754726,mixed,other
485629322,negative,other
212273141,mixed,other
85192100,mixed,other
2313099380,positive,other
2913769696,mixed,other
633959657,mixed,other
1525446732,mixed,other
93159904,negative,leave
270381927,mixed,other
18474984,mixed,other
79233326,mixed,other
813779498,mixed,other
316327801,positive,other
406564080,mixed,other
3131272391,mixed,other
971752272,mixed,other
576278631,mixed,other
233271209,mixed,other
459126134,mixed,other
115427130,mixed,other
275878311,mixed,other
72327524,mixed,other
362149177,mixed,other
2792589217,positive,other
14761622,mixed,other
41162638,mixed,other
4309705882,mixed,other
122820406,mixed,other
441234489,mixed,other
17400044,mixed,other
272076747,negative,other
3309255700,mixed,other
27101173,mixed,other
755427162,mixed,other
384945379,mixed,other
43539789,mixed,other
3133004200,mixed,other
4183213873,negative,other
3233480933,mixed,other
3190388565,mixed,other
21308069,mixed,other
3179688406,mixed,other
3300707338,mixed,other
483353625,mixed,other
129425953,mixed,other
557368188,positive,other
263327909,mixed,other
19293731,mixed,other
139714364,mixed,other
218540006,mixed,other
54030885,mixed,other
2691401444,mixed,other
253941749,mixed,other
452371327,mixed,remain
352097960,mixed,other
361365042,mixed,other
504288726,neutral,other
68412451,negative,other
894942109,negative,other
2523826300,mixed,other
29025386,neutral,remain
1924964269,mixed,other
92591643,mixed,other
18956915,mixed,other
3369067547,positive,other
2285631986,mixed,other
3087527993,mixed,other
2993983077,mixed,other
865399938,mixed,other
1369701486,mixed,other
434525445,mixed,other
198859853,mixed,other
133787157,mixed,other
1549012669,mixed,other
52861694,mixed,other
4696509037,positive,other
1314177962,mixed,other
2164339015,mixed,other
161809644,negative,other
479567810,mixed,other
2233176111,mixed,other
2317117123,mixed,other
380875509,mixed,other
92840551,mixed,other
523054177,mixed,other
2767003853,mixed,other
402772998,mixed,other
474260605,positive,other
302591092,mixed,other
3034121849,mixed,other
172947702,mixed,other
760368066,mixed,other
2853571744,mixed,other
322825689,mixed,other
203561448,mixed,other
270912092,mixed,other
585604003,mixed,other
111699450,mixed,other
97943956,mixed,other
138614877,positive,other
1131562664,mixed,other
919351549,mixed,other
396864170,mixed,other
35627763,mixed,other
310643025,mixed,other
2823109342,mixed,other
1511547048,mixed,other
53646835,mixed,other
395868429,mixed,other
1644745165,mixed,other
351081575,mixed,other
3390728889,mixed,other
215786189,positive,other
126265937,mixed,other
14717001,negative,other
2300332196,mixed,other
37630714,mixed,other
19300315,mixed,other
2949294321,mixed,other
4198372053,mixed,other
3646459769,mixed,other
2378742140,mixed,other
338310547,mixed,other
27313493,mixed,other
544627178,mixed,other
51060936,mixed,other
3076621,mixed,other
287666448,mixed,other
574284134,positive,other
1057645927,mixed,other
505561503,mixed,other
1950075613,mixed,other
3400702817,mixed,other
2650273904,mixed,other
562418670,mixed,other
18331491,negative,other
2577144030,mixed,other
28779088,mixed,other
2507218357,negative,remain
3852809548,neutral,other
160122131,mixed,other
928120560,mixed,other
612560364,mixed,other
3717265696,mixed,other
418056061,mixed,other
490665699,mixed,other
853164306,mixed,other
525910396,mixed,remain
3871146981,mixed,other
16295181,mixed,other
42934869,mixed,other
371932423,mixed,other
28343777,mixed,other
131326812,mixed,other
79245141,mixed,other
22190373,mixed,other
258768180,mixed,other
395642139,mixed,other
33851953,mixed,other
3315887015,mixed,other
2729662144,mixed,other
3114270604,mixed,other
1344063414,mixed,other
43713337,mixed,other
2334732225,mixed,other
2738155487,mixed,other
262796796,mixed,other
845291736,mixed,other
2163617870,mixed,remain
2660269490,mixed,remain
2612190475,mixed,remain
2532883753,mixed,remain
2612833044,mixed,remain
2612843766,mixed,remain
2403269531,mixed,remain
2354515155,negative,remain
3386266937,mixed,remain
1163007295,mixed,other
356330288,negative,other
4144260257,mixed,remain
319877672,mixed,other
225476386,mixed,other
18565823,mixed,other
2345827628,mixed,other
17923971,mixed,other
2709212977,mixed,other
841485936,mixed,other
393293945,mixed,other
201009555,mixed,other
3040245804,mixed,other
2295316730,mixed,other
219345607,mixed,other
2221064987,mixed,remain
2426808851,mixed,remain
2391033525,mixed,remain
2409832846,mixed,remain
14370613,negative,other
2231898250,mixed,other
118397324,mixed,other
590867205,mixed,other
50295156,mixed,other
15281023,mixed,other
3152617751,mixed,other
99464468,mixed,other
57811281,positive,other
755844666,mixed,other
30389172,negative,other
1327843160,mixed,other
47735783,negative,other
3632508195,mixed,other
38896162,mixed,other
272107541,mixed,other
3772963528,mixed,other
57055842,mixed,other
355752178,mixed,other
3326770761,mixed,leave
65069447,mixed,other
476243412,mixed,other
20218865,mixed,other
62074058,mixed,other
3347259520,positive,leave
3292977364,mixed,other
106769185,mixed,other
989689286,mixed,other
137255482,mixed,other
3491002337,mixed,other
110556147,mixed,other
2842539305,positive,other
3166389290,mixed,other
374141509,mixed,other
4187586225,mixed,other
478471916,mixed,other
172275093,mixed,other
2727178788,mixed,other
477545755,mixed,other
1149258061,mixed,other
213835860,mixed,other
2421423498,mixed,other
70335795,mixed,other
2344222885,mixed,other
2962676963,mixed,other
61487905,mixed,remain
3042226101,mixed,other
2214054761,mixed,other
714901117,mixed,other
58141929,mixed,other
1197354972,mixed,other
2253414606,mixed,other
305158631,mixed,other
228943371,mixed,other
265250071,mixed,other
465973,mixed,other
182862510,positive,other
819350858,mixed,other
220626394,mixed,other
507092048,mixed,other
3673969577,mixed,other
3376004656,mixed,other
398565680,mixed,other
29416653,mixed,remain
61248632,mixed,other
2385475135,mixed,other
2849714072,mixed,other
3431969470,mixed,remain
276544322,mixed,other
21198205,mixed,other
18525497,mixed,other
776663796,mixed,other
3042923567,mixed,other
18503412,mixed,other
1215496040,mixed,other
22470262,mixed,other
317685710,mixed,other
2722139735,mixed,other
897710040,mixed,other
452907811,mixed,other
162473641,mixed,other
878383982,mixed,other
939317322,mixed,other
19816004,mixed,other
4240673307,mixed,other
92265930,positive,other
424338209,neutral,remain
964862089,mixed,other
316376052,mixed,other
411338477,mixed,other
46688887,mixed,other
2729347096,positive,other
314200747,negative,other
2375471990,mixed,other
859658503,mixed,remain
491683759,mixed,other
1662208874,mixed,other
114702380,mixed,other
831188048,mixed,other
3019048521,mixed,other
96099869,mixed,other
332921113,mixed,other
124313779,negative,other
17497106,mixed,other
19291128,mixed,other
21009701,mixed,other
19088758,mixed,other
335341326,mixed,other
24444965,mixed,other
295599893,mixed,other
546381549,negative,other
252667299,mixed,other
540848293,mixed,other
105727926,positive,other
108802454,neutral,other
310947580,mixed,other
201833719,mixed,other
20364375,positive,other
1932590653,mixed,other
160872213,mixed,other
15244009,mixed,other
26832496,mixed,other
535395966,mixed,remain
64125192,mixed,other
85452540,mixed,other
115139827,mixed,remain
14458548,positive,other
20319497,negative,other
1465334022,mixed,other
294149040,mixed,other
185638245,mixed,other
3400228798,mixed,other
2954566971,mixed,other
400206125,mixed,other
498029548,mixed,other
186551598,mixed,other
3627001,positive,other
1913593928,mixed,other
2576694865,negative,remain
445409224,mixed,other
1083749497,mixed,other
412973696,mixed,other
38415042,mixed,other
522778097,negative,other
20003443,mixed,other
103060087,mixed,remain
26970590,mixed,other
590855482,negative,other
3362016513,mixed,other
2822441304,negative,other
23970694,mixed,other
514668467,positive,remain
2539510376,mixed,other
2890527203,mixed,other
402370560,negative,other
2356642926,mixed,other
12399492,mixed,other
2828238915,mixed,other
405769757,mixed,other
17283773,negative,remain
914673702,mixed,other
26587507,mixed,other
209424197,mixed,other
2867939015,mixed,other
3761713697,positive,other
2269322174,mixed,other
937417056,mixed,other
185959122,mixed,other
3195143310,mixed,other
1318305619,mixed,other
156295299,mixed,other
281519746,mixed,other
2493234720,negative,other
1726252728,mixed,other
288135925,mixed,other
2438349567,neutral,other
1227902569,negative,other
41998115,mixed,other
539788424,mixed,other
45840503,mixed,other
119806126,mixed,other
2605209092,mixed,other
20156976,mixed,other
246743224,mixed,other
16032272,mixed,other
284037412,neutral,other
44958424,mixed,other
3874559301,mixed,remain
1491194724,mixed,other
4218883480,neutral,other
4076310429,mixed,other
996932378,mixed,other
3875673566,mixed,other
875403187,mixed,other
2749341780,mixed,other
536524126,mixed,other
4289499382,mixed,other
112186577,mixed,other
270493821,mixed,other
243393079,mixed,other
219218669,mixed,other
456912644,mixed,other
2201786204,mixed,other
65786722,negative,other
4666274959,positive,other
62814832,mixed,other
1480644162,negative,other
2226448964,mixed,other
401732051,mixed,other
2455216434,mixed,other
2615353712,mixed,other
2603476530,mixed,other
2937379654,mixed,other
166505377,mixed,other
17920055,mixed,other
3939035183,negative,other
4243666701,mixed,other
22140082,mixed,other
366515001,mixed,other
3740291302,negative,remain
2256850213,mixed,other
871599601,mixed,other
1104405600,mixed,other
33957999,mixed,other
3469790775,mixed,other
3029920486,mixed,other
204552368,mixed,other
212743876,mixed,other
813064693,mixed,other
98626008,mixed,other
422580719,mixed,other
198507274,mixed,other
16492455,mixed,other
230673965,mixed,other
1654543952,mixed,other
477856294,mixed,other
4459680809,mixed,other
244317966,mixed,other
335455570,mixed,other
99437169,mixed,remain
2300501604,mixed,other
475006262,mixed,other
17746386,mixed,other
297443753,mixed,other
607283292,mixed,other
269889569,mixed,other
1473829813,mixed,other
817074512,mixed,other
3307021151,mixed,other
518223933,mixed,other
4170117688,mixed,other
2320319581,mixed,other
453533469,mixed,other
4656496874,positive,other
498317449,mixed,other
114473650,mixed,other
700163778,mixed,other
3038533441,mixed,other
368340567,mixed,other
88889613,mixed,other
459136932,mixed,other
840909558,mixed,other
37659742,mixed,other
55257244,mixed,other
4698675998,mixed,other
170358646,mixed,other
3318824270,negative,other
983721164,mixed,other
2822379212,mixed,other
305471038,mixed,other
2550064813,positive,other
3176060962,mixed,other
2312135539,mixed,other
1250592126,mixed,other
41829280,mixed,other
123911261,mixed,other
42727555,mixed,other
46088331,mixed,other
135092899,mixed,other
318355178,mixed,other
26887881,mixed,other
940000238,mixed,other
363030025,mixed,other
22473015,mixed,other
1214160810,mixed,other
1214295559,mixed,other
1214281808,mixed,other
1214303671,mixed,other
1214276658,mixed,other
1214286308,mixed,other
1214299981,mixed,other
1214277151,mixed,other
1214304811,mixed,other
1214285718,mixed,other
1214251110,mixed,other
1214296190,mixed,other
1214308861,mixed,other
1214303324,mixed,other
1214292234,mixed,other
1214310980,mixed,other
1214301776,mixed,other
1214311316,mixed,other
1214318479,mixed,other
1214184738,mixed,other
1214326039,mixed,other
1214295368,mixed,other
1214306779,mixed,other
1214307996,mixed,other
1214312310,mixed,other
1214304649,mixed,other
1214307066,mixed,other
1214341057,mixed,other
1214337475,mixed,other
1214309538,mixed,other
1214344933,mixed,other
1214330474,mixed,other
321315235,mixed,other
395132433,mixed,other
317185279,mixed,other
1668066686,mixed,other
1594949365,mixed,other
232769907,mixed,other
3434587234,mixed,other
716398134,mixed,other
336041336,mixed,other
851815249,mixed,other
1278597655,mixed,other
126600280,mixed,other
1303136983,mixed,other
81173322,mixed,other
18500764,mixed,other
369760961,mixed,other
88207285,mixed,other
2799241358,mixed,other
2799334982,mixed,other
2799268752,mixed,other
3031655738,mixed,other
1590686978,mixed,other
2359028480,mixed,other
188047130,mixed,other
2978332701,mixed,other
3300653637,mixed,other
3171718974,mixed,other
1551172352,mixed,other
312997336,mixed,other
37692605,mixed,other
3231598852,mixed,other
722583252,mixed,other
3018769262,mixed,other
6092232,mixed,other
577096192,mixed,other
348606060,mixed,other
2280325974,mixed,other
438200082,mixed,other
1327034432,mixed,remain
2829120555,mixed,other
3190751720,mixed,other
2485939826,mixed,other
29656814,mixed,other
3190752230,mixed,other
1158286658,mixed,other
204366811,positive,other
224657541,mixed,other
2930747302,mixed,other
18270633,mixed,other
4703591654,mixed,other
103811289,mixed,other
84611533,mixed,other
259382116,mixed,other
1045832575,mixed,other
99706154,mixed,leave
3014887084,mixed,other
3039383177,mixed,other
30504950,mixed,other
2484615926,mixed,other
272933351,mixed,other
13063042,mixed,other
2298075552,mixed,other
2885758929,mixed,other
309709569,mixed,other
580065681,mixed,other
2316355368,mixed,other
17679030,mixed,other
448356953,mixed,other
4098436339,mixed,other
79939566,mixed,other
18762347,positive,other
3306412883,mixed,other
356730188,mixed,other
2431882250,mixed,other
2942029428,mixed,other
16247847,mixed,other
264673317,mixed,remain
209079863,mixed,other
481388071,mixed,other
69533246,mixed,other
3656559557,mixed,other
241709263,mixed,other
54311364,mixed,other
3372106918,mixed,other
586408037,mixed,other
17006017,mixed,other
393855734,mixed,other
41170844,mixed,other
222397298,mixed,other
4039145452,mixed,other
192862672,mixed,other
36732529,mixed,other
548757187,mixed,other
3987650954,mixed,other
1477093922,mixed,other
315960490,positive,other
1555801022,negative,other
700156510,mixed,other
17038090,mixed,other
2630915817,negative,leave
249194244,mixed,other
30855407,mixed,other
2787061197,mixed,other
575942111,mixed,other
40259056,mixed,other
4443472875,mixed,other
124740668,mixed,other
2199641274,mixed,other
1703057576,mixed,other
4641381507,positive,other
1901658973,positive,other
211797887,mixed,other
3417616097,mixed,other
1362984415,mixed,other
2884731632,mixed,other
138944488,mixed,other
114403588,mixed,other
402551543,mixed,other
3202107005,mixed,other
222065212,mixed,other
236502613,mixed,other
2595321643,mixed,other
3377406406,negative,other
562191835,mixed,other
2328491336,mixed,other
58387068,neutral,other
37230319,mixed,other
230218419,mixed,other
850030742,positive,other
284670305,mixed,other
1191054960,mixed,other
2320643844,positive,other
280833073,positive,other
324893227,mixed,other
2246227993,neutral,remain
2535399896,mixed,other
246459126,mixed,other
3033015357,mixed,other
3430619350,positive,other
47101183,mixed,other
17614849,mixed,other
3429983422,mixed,other
2761135139,mixed,other
2276178979,mixed,other
575582166,mixed,other
191296729,mixed,other
1454687180,mixed,other
2519703819,positive,other
604679073,mixed,other
135485198,negative,other
64021068,mixed,other
66712199,mixed,other
2228864000,mixed,other
2383502816,mixed,other
18465153,mixed,other
18949452,mixed,other
3307778821,mixed,other
2177764470,mixed,other
2360030636,mixed,other
2510358169,mixed,other
3890442015,mixed,other
3149303001,mixed,other
1291945022,mixed,remain
2846626659,mixed,other
116808837,mixed,other
441251850,mixed,other
122994768,mixed,other
2927368881,mixed,remain
142705588,mixed,other
360941402,mixed,other
510343954,mixed,other
4092546736,negative,other
129597243,positive,remain
63194187,mixed,other
17742260,mixed,other
375907713,mixed,other
288980311,mixed,other
27209619,mixed,other
2841110355,negative,other
49953488,mixed,other
90849749,neutral,leave
194237286,mixed,other
4582768461,positive,other
806517978,neutral,other
3241779670,mixed,other
89434993,mixed,other
2384167099,mixed,other
956138815,mixed,other
211494337,mixed,other
305073570,mixed,other
3322289706,mixed,other
1390466172,mixed,other
44201157,mixed,other
179911030,mixed,other
2852193982,mixed,other
2891897689,negative,other
531369949,mixed,other
61481674,mixed,other
782711180,mixed,other
2882614000,mixed,other
2776646422,mixed,other
4126449317,mixed,other
4149166773,mixed,other
2933312565,mixed,other
4015502903,positive,other
462310129,mixed,other
234113605,mixed,other
72059812,mixed,other
588561044,mixed,other
509519436,mixed,other
456191126,negative,other
2525222185,mixed,other
288927771,mixed,other
83692297,mixed,other
14803203,mixed,other
2643335079,mixed,other
540465387,mixed,other
3818989217,mixed,other
20830711,mixed,other
2153676187,mixed,other
176356781,mixed,other
19070691,mixed,other
384291643,positive,other
179498824,mixed,other
96151244,mixed,other
344786265,mixed,other
944564432,mixed,remain
413181725,mixed,other
176905144,mixed,other
54575030,mixed,other
59472131,mixed,other
17878804,mixed,other
1868678738,mixed,other
553402751,mixed,other
489391487,mixed,other
570896498,mixed,remain
1260163675,mixed,remain
194977936,mixed,other
100342484,mixed,other
3378609479,mixed,other
43553186,mixed,other
979013298,mixed,other
159072956,mixed,remain
3065970071,mixed,other
41359434,mixed,other
7344572,mixed,other
470359977,mixed,other
50836292,negative,leave
286849350,mixed,other
415808169,mixed,other
18720978,mixed,other
2330750393,mixed,other
17019081,mixed,other
2414070806,positive,remain
394961572,mixed,remain
3000894564,positive,other
18006301,mixed,other
4607792601,mixed,other
4657648533,mixed,other
4369841062,mixed,other
4461618561,mixed,other
1372046869,negative,other
38722002,mixed,other
2786342473,mixed,other
1314860766,mixed,other
3303603790,mixed,other
1367963250,mixed,other
125083384,mixed,other
403186359,mixed,other
1412933454,mixed,other
286888215,mixed,other
1139292836,mixed,other
205843793,mixed,other
3196345114,mixed,other
387973412,mixed,other
155227972,mixed,other
3801468016,mixed,other
2900649819,positive,remain
1468283792,mixed,remain
87995697,mixed,other
704296663,mixed,other
3406603487,mixed,other
619793721,mixed,other
949344943,mixed,other
587713071,mixed,other
620547714,mixed,other
162854063,mixed,other
953592132,mixed,other
3345680219,mixed,remain
1108625665,mixed,other
33566000,mixed,other
973005421,mixed,other
447453738,mixed,other
38522224,mixed,other
2312310372,mixed,other
983098838,neutral,other
4155464745,mixed,other
3365745359,mixed,other
2498071176,mixed,other
3342422469,mixed,other
289912244,mixed,remain
620885111,mixed,remain
4186254315,mixed,remain
4361790077,mixed,remain
563052577,neutral,remain
421179706,neutral,remain
595144967,mixed,other
2673014186,neutral,other
252437614,mixed,other
374371350,mixed,other
430738001,mixed,other
362473091,mixed,remain
223775609,mixed,other
437399443,mixed,remain
172836572,mixed,remain
2853628421,mixed,other
619850140,mixed,other
1370850966,negative,other
2898745401,mixed,remain
2819930326,mixed,remain
59393368,mixed,other
2978282871,mixed,other
357430764,mixed,other
3700336153,negative,other
92489756,mixed,other
371802118,mixed,other
205269908,mixed,other
204923510,mixed,other
22464371,mixed,other
230736536,mixed,other
4088619093,mixed,other
13933172,mixed,other
3070454623,mixed,other
170748013,mixed,other
275928942,mixed,other
76483204,neutral,other
631851653,mixed,other
253615321,mixed,other
483950407,mixed,other
154544703,mixed,other
47047809,mixed,remain
424891545,mixed,remain
2748417222,mixed,other
159992511,mixed,other
18431566,mixed,other
618373687,mixed,other
131859965,mixed,other
2307375835,positive,other
282602528,positive,other
1376298428,mixed,other
4692569191,mixed,other
292240445,negative,other
314494880,mixed,other
186393791,mixed,other
471912595,neutral,leave
221682648,mixed,other
271974974,mixed,other
2748517662,mixed,other
859306879,mixed,other
14784684,mixed,other
2933447393,mixed,other
2831274544,mixed,other
1399113342,negative,other
264918134,mixed,other
3254554800,positive,other
1250882072,positive,other
1532811152,positive,other
3254597228,positive,other
1266964388,positive,other
1261213370,positive,other
1264362918,positive,other
1530739531,positive,other
1547559212,positive,other
3254605117,positive,other
1264349868,positive,other
1266943261,positive,other
3254563081,positive,other
1570443163,positive,other
1261222898,positive,other
1326776322,positive,other
1572180474,positive,other
3255574448,positive,other
1853857532,positive,other
1530778627,positive,other
1248712536,positive,other
1133243707,positive,other
1251563059,positive,other
1263841376,positive,other
3254555246,positive,other
1250845256,positive,other
1263876794,positive,other
1003728265,positive,other
2557010554,mixed,other
2201850816,mixed,other
248145799,mixed,other
2741477967,mixed,other
574681599,mixed,other
953943572,negative,leave
324916259,mixed,other
13195972,mixed,other
15633534,mixed,other
162655910,mixed,other
3202283345,mixed,other
4298233876,mixed,other
220671535,mixed,other
3413559281,mixed,other
21388616,mixed,other
48000933,positive,other
22619427,mixed,other
346807834,mixed,other
534972891,mixed,other
197414028,mixed,other
2310047060,mixed,other
839978215,mixed,other
14013202,mixed,other
187965811,mixed,other
3413006413,mixed,other
15750149,mixed,other
2931141700,mixed,other
3744166760,positive,other
259202358,mixed,other
999155780,mixed,other
3574875675,mixed,other
265962961,mixed,other
67891589,mixed,other
3044245529,mixed,other
40998354,mixed,remain
176348732,mixed,other
2798125167,mixed,other
2709717300,mixed,other
56737634,mixed,other
19536881,mixed,other
3777894198,mixed,other
1543202473,mixed,other
226340905,mixed,other
23602600,mixed,other
151086788,mixed,other
2863728977,mixed,other
18938704,mixed,other
1442312376,mixed,other
1356650942,mixed,other
3185941787,mixed,other
134753624,positive,other
3342929843,mixed,other
143560142,mixed,other
35346943,mixed,other
3301743261,mixed,other
21295652,mixed,other
91585577,mixed,other
14138785,mixed,other
966681366,mixed,other
109850582,mixed,other
48295673,mixed,other
1274950158,mixed,other
72588786,mixed,other
2541212474,mixed,other
36974428,mixed,other
221531275,mixed,other
1644871993,positive,remain
1580328187,mixed,other
359606688,mixed,other
411466123,mixed,other
74186069,mixed,other
219213094,mixed,other
28971908,mixed,other
2296744448,mixed,other
876302191,mixed,other
17714548,mixed,other
20392014,mixed,other
153061547,mixed,other
25979812,mixed,other
1693306891,negative,other
1071129806,mixed,other
19643448,mixed,other
141137711,mixed,other
169476991,mixed,other
87695783,mixed,other
22377357,mixed,other
60017224,mixed,other
1076214158,positive,other
53496108,mixed,other
245867485,mixed,other
2388749846,mixed,other
28810099,mixed,other
4234884825,negative,leave
2756163184,mixed,other
385999223,mixed,other
624531763,mixed,other
1304762178,mixed,other
19744053,mixed,other
236032810,mixed,remain
224729427,mixed,other
110396763,mixed,remain
2999447739,mixed,other
32191010,mixed,other
105199396,mixed,other
100453087,mixed,other
2481703728,mixed,other
115760304,mixed,other
1913308621,negative,other
598985135,mixed,other
137717257,positive,other
147992355,mixed,other
948670369,negative,other
155958876,mixed,other
305614939,mixed,other
976528424,mixed,other
201352162,mixed,other
2885705823,mixed,other
703862324,mixed,other
270416438,negative,other
16847779,mixed,other
27733419,mixed,other
44864568,mixed,other
165881152,mixed,other
3375742059,mixed,other
3432250733,mixed,other
2830163865,mixed,other
121768165,mixed,other
23751477,mixed,other
1241397930,mixed,other
1229405964,mixed,other
277364648,neutral,other
106763540,mixed,other
2989557440,mixed,other
611736275,mixed,other
1060578475,mixed,other
79949872,mixed,other
1097602477,mixed,other
849900768,mixed,other
92503676,mixed,other
2648632016,mixed,other
2854520420,mixed,other
319402270,mixed,other
2427233568,mixed,other
3054566722,mixed,other
546239230,mixed,other
34023219,mixed,other
492138343,mixed,other
65322179,mixed,other
350490822,mixed,other
319535377,mixed,other
28067695,mixed,other
60028908,mixed,other
191764888,mixed,other
59104960,mixed,other
95699146,mixed,other
1524527066,negative,other
3677173709,negative,other
381062532,mixed,other
4702984875,mixed,other
71078376,mixed,other
69549823,mixed,other
433801252,mixed,other
218789670,mixed,other
22925060,mixed,other
805888296,positive,leave
130965065,mixed,other
2796192607,mixed,other
849477374,mixed,other
494830380,mixed,remain
2210048426,positive,remain
4100571640,mixed,other
408445751,mixed,other
2974640511,positive,other
2339238427,mixed,other
776966190,mixed,other
4256506048,positive,other
2255987881,mixed,other
4203800363,mixed,other
7512212,positive,leave
1574830555,neutral,leave
210747105,negative,other
2951989629,mixed,other
216346234,negative,other
556089510,mixed,other
2857015516,mixed,other
594508639,mixed,other
2976192581,mixed,other
4493182468,mixed,other
1326653898,mixed,other
4362366381,mixed,other
982415694,mixed,other
3398197577,mixed,other
45288884,mixed,other
882461454,mixed,other
18189291,mixed,other
718413498,positive,remain
2166177369,mixed,remain
859017176,negative,other
1610983362,mixed,other
231884341,mixed,other
278673208,negative,other
448694372,mixed,other
271413079,mixed,other
224616058,mixed,other
11263482,mixed,other
4224953237,mixed,other
1278915014,negative,other
522477612,mixed,other
1077266221,positive,other
2977900810,mixed,other
303105912,mixed,other
263862591,mixed,other
18587204,negative,remain
15111062,mixed,other
278279975,mixed,other
60578495,negative,other
2441463686,mixed,other
3324620889,negative,other
40015623,positive,other
35836249,mixed,other
2432098118,mixed,other
843880663,mixed,other
414648609,mixed,other
1580771017,mixed,other
227431106,mixed,other
15129265,mixed,other
41987014,positive,remain
47916714,mixed,other
2578738615,negative,other
16566387,mixed,remain
3891403468,mixed,leave
252606733,mixed,other
96267014,mixed,other
256958107,mixed,other
109283143,mixed,other
311098041,mixed,other
188957628,positive,other
1667556282,mixed,other
2805269365,positive,other
333979849,mixed,other
2809161682,mixed,other
28783336,mixed,other
55329757,mixed,other
161243998,mixed,other
197944710,mixed,other
14106476,mixed,other
91226005,mixed,other
2954023518,mixed,other
858426919,mixed,other
808662330,mixed,other
853613946,mixed,other
3817896615,negative,other
777820526,mixed,other
248811404,mixed,other
236810139,mixed,other
143733181,mixed,other
2615042382,negative,other
384302270,mixed,other
5824902,mixed,other
2518908922,mixed,other
2702818325,mixed,other
4265184735,mixed,other
529718078,mixed,other
2442142605,mixed,other
374775473,mixed,other
50089986,mixed,other
4656559696,neutral,remain
3311748131,positive,other
4382400263,mixed,other
3243544179,neutral,other
262735312,mixed,other
633623689,positive,other
94543658,mixed,other
19284502,mixed,other
1085762119,mixed,other
4266087742,negative,other
1079210822,mixed,other
239354444,mixed,other
3297513371,mixed,other
424382787,mixed,other
28561049,mixed,other
2538600419,mixed,other
282567341,mixed,other
256456108,mixed,other
3033091670,mixed,other
21308199,mixed,other
372447514,mixed,other
538058680,mixed,other
4561577362,mixed,other
29259728,mixed,leave
461891737,neutral,remain
1605694716,mixed,other
929426544,positive,other
21656055,mixed,other
15286352,mixed,other
487899772,mixed,other
172738190,mixed,other
434943367,mixed,other
111388931,mixed,other
1897437001,positive,other
2570904078,mixed,other
1438007443,mixed,other
11466702,mixed,other
28138931,mixed,other
1200842257,positive,other
20045684,negative,other
51728924,mixed,other
25097735,mixed,other
29955357,mixed,other
1879108838,mixed,other
146741647,mixed,other
15881757,mixed,other
498986721,mixed,other
2620095853,mixed,other
775675873,negative,remain
2312115392,mixed,other
2934694687,mixed,other
2281449269,positive,other
20385337,mixed,other
589015431,mixed,other
3331783139,mixed,other
187736655,mixed,other
2824606058,mixed,other
102325185,mixed,other
230748240,mixed,other
89414621,mixed,other
2302786740,mixed,other
1460350147,mixed,other
111875060,mixed,other
568646904,mixed,other
330717019,mixed,other
1492763996,neutral,other
23342407,mixed,other
458322728,negative,other
110191018,mixed,remain
34262462,mixed,other
296505265,mixed,other
2354950674,negative,other
2425411130,mixed,other
2887077099,mixed,other
484197914,mixed,other
487040446,negative,other
2774491532,mixed,other
596266481,mixed,other
3695647695,mixed,leave
24941106,positive,other
111779148,mixed,other
48438566,mixed,other
18216450,mixed,other
63925655,mixed,leave
44706837,mixed,other
120850825,mixed,other
280955681,mixed,other
353872365,negative,other
4405941203,mixed,other
340961193,mixed,other
88098920,mixed,other
132547999,mixed,other
4656943757,positive,other
584923211,mixed,other
2789529512,mixed,other
229499379,mixed,other
2724107589,mixed,other
21101895,mixed,other
42191735,mixed,other
361832401,mixed,other
34761502,mixed,other
44411598,mixed,other
71275400,mixed,other
135096804,mixed,other
359652561,mixed,other
155924984,mixed,other
452029413,mixed,other
284997277,mixed,other
1074774114,mixed,other
270749873,mixed,other
304861372,mixed,other
1313814055,mixed,other
3346827040,negative,other
2507557358,mixed,other
16922486,mixed,other
1395067938,neutral,remain
431562823,mixed,other
19811190,mixed,other
528990386,mixed,other
869796283,mixed,other
115969061,mixed,other
111260148,mixed,other
3365031418,negative,other
28277980,mixed,other
1660195800,mixed,other
318428514,mixed,other
228108136,mixed,other
339803270,mixed,other
83705507,mixed,other
3438824031,mixed,other
2661937419,negative,other
393288003,mixed,other
367350800,negative,other
19287584,negative,other
4451037567,positive,other
1397592666,mixed,other
314548237,mixed,other
59549064,mixed,other
966220742,mixed,other
152970895,mixed,other
117514358,mixed,other
2753142960,mixed,other
130109576,mixed,other
244439860,mixed,other
33973843,mixed,other
279451940,mixed,other
87818409,mixed,other
26579339,mixed,other
327338123,mixed,other
26522915,mixed,other
135241329,mixed,remain
181245414,negative,other
1631064000,mixed,other
123174284,mixed,other
1530767479,mixed,other
329978211,mixed,other
32916265,mixed,other
371142476,mixed,other
18001016,mixed,other
2314102206,mixed,other
152333242,mixed,other
31101758,negative,other
364832982,mixed,other
3304543309,mixed,other
23563830,mixed,other
2589783907,mixed,other
592752592,mixed,other
61962693,mixed,other
48089305,mixed,other
2428381658,mixed,other
152717568,mixed,other
2721878217,mixed,other
65911220,mixed,other
597438638,mixed,other
2231120274,mixed,other
2249724961,mixed,other
88536821,mixed,other
52486297,neutral,other
270477874,mixed,other
304878098,mixed,other
2433924289,mixed,other
3235684023,mixed,other
224151703,mixed,other
244209009,mixed,other
1467388225,mixed,remain
74692745,mixed,other
20632425,mixed,other
2276166102,positive,other
400580205,mixed,other
22369602,mixed,other
64395566,mixed,other
360897119,mixed,other
3292042493,mixed,other
1017959256,mixed,other
18308314,mixed,remain
252172352,negative,other
2940883827,mixed,remain
2234063790,positive,other
2472745327,mixed,other
2725952336,mixed,other
219421471,mixed,other
233589731,mixed,other
3796542743,mixed,other
571908510,mixed,other
49403072,mixed,other
1142469860,mixed,other
384822746,mixed,other
35359528,negative,remain
21998314,negative,other
1374566166,mixed,other
3427927397,mixed,other
3318947976,mixed,other
377162832,mixed,other
62340455,mixed,other
771242107,mixed,other
255046232,mixed,other
518615888,negative,other
1462998769,mixed,other
2489325295,negative,other
2411499757,mixed,other
269744627,mixed,other
366264688,mixed,other
954097404,mixed,other
4444414572,neutral,other
3949765276,negative,remain
66661130,mixed,other
110836315,positive,other
50070718,mixed,other
376132050,neutral,remain
574880759,mixed,other
60189166,mixed,other
83787658,mixed,other
17968281,mixed,other
3108263999,mixed,other
17592502,mixed,other
556837014,mixed,other
15110357,mixed,other
1173024764,mixed,other
242235183,mixed,other
729625752,mixed,other
81554436,negative,other
57979109,mixed,other
4646062467,mixed,other
466855825,mixed,other
866933293,mixed,other
1386918194,mixed,other
334626332,mixed,other
1115137418,mixed,other
3179393168,mixed,other
3344020755,mixed,other
1028763974,mixed,other
99333493,mixed,other
311619290,mixed,other
4643072357,mixed,other
875304878,mixed,other
65633673,mixed,other
1858633446,mixed,other
1162398756,mixed,other
121068845,mixed,other
48378139,mixed,other
25850374,mixed,other
128565632,mixed,remain
2278877371,mixed,other
2828184957,mixed,other
258515543,mixed,other
125385174,mixed,other
296727616,mixed,other
220787298,mixed,leave
2870490544,positive,other
47665823,positive,other
10196452,mixed,other
931173426,mixed,other
132587518,mixed,other
29191089,mixed,other
437684919,mixed,other
50598105,negative,other
86327801,mixed,other
3244915581,negative,other
490764472,mixed,other
150633655,mixed,other
18952656,mixed,other
1169955067,negative,other
1267959955,mixed,other
408041125,mixed,other
265967674,mixed,other
4022223623,mixed,other
995433505,mixed,other
522501686,mixed,other
82654550,mixed,other
27653880,mixed,other
44707374,mixed,other
2776512832,negative,other
246887693,mixed,other
366811939,mixed,other
142324043,positive,other
392272190,negative,other
44323093,mixed,other
1331464566,mixed,other
14162258,mixed,other
3642696316,mixed,other
4688337553,mixed,other
422164503,mixed,other
2286056016,mixed,other
1418358025,mixed,other
59726440,mixed,other
345993851,mixed,other
629572222,mixed,other
22132467,mixed,other
621763601,negative,other
317052872,mixed,other
18373946,mixed,other
187271558,negative,other
110237893,mixed,other
113120574,mixed,other
2469927320,mixed,other
247023102,positive,other
450567698,positive,other
494401214,negative,other
3006552820,mixed,other
76087391,mixed,other
1697215020,mixed,other
1292292907,mixed,other
2319372896,negative,other
284646586,mixed,other
617029017,mixed,other
2167185685,negative,other
118025821,mixed,other
3026454964,mixed,other
85599723,mixed,other
2984403982,mixed,other
2919278794,positive,other
385944900,mixed,other
16474781,mixed,other
2358583555,mixed,other
557342650,mixed,other
27954282,mixed,other
337626858,mixed,other
2582516978,negative,other
16400258,mixed,other
398664947,mixed,other
586768717,negative,other
182831359,mixed,other
60880381,mixed,other
117428743,mixed,other
389626752,mixed,remain
3394375546,mixed,other
134494126,mixed,other
13088272,mixed,other
3110602853,negative,other
201691315,mixed,other
17442320,mixed,other
474910079,mixed,other
303453477,mixed,other
960874950,mixed,other
712263542,mixed,other
32342915,mixed,other
32440356,mixed,other
22007328,mixed,other
747270558,mixed,other
2382326604,positive,other
2281314234,mixed,other
22110666,mixed,other
1317689665,negative,other
2572417917,mixed,other
295911940,mixed,other
569194033,mixed,other
770958068,neutral,other
2326022540,mixed,other
2824252909,mixed,other
3367334171,mixed,other
783142094,mixed,other
3153097690,mixed,other
3005135476,mixed,other
2889123214,mixed,other
89165845,mixed,other
20625218,mixed,other
400935932,mixed,other
871892486,mixed,other
160738172,mixed,other
2718078811,mixed,other
2221741436,mixed,other
4427855352,mixed,other
218601108,mixed,other
3726629774,mixed,other
3084557161,mixed,other
44653822,mixed,other
45262762,mixed,other
46036755,mixed,other
61559313,positive,other
45262242,mixed,other
45261187,mixed,other
2326168699,mixed,other
45261625,mixed,other
46035815,mixed,other
49531665,mixed,other
15594857,mixed,other
325327587,mixed,other
128672516,negative,remain
1316611314,mixed,other
1006207015,mixed,other
2714540334,mixed,other
264820288,mixed,other
96621704,mixed,other
325315520,mixed,other
2913871461,mixed,other
2859372870,mixed,other
2477346818,mixed,other
543774451,mixed,other
308174015,negative,other
59081707,mixed,other
2801389290,mixed,other
338448134,mixed,other
22901158,mixed,other
575800113,mixed,other
2972649130,mixed,other
3879026367,mixed,other
2445619604,mixed,other
85386747,mixed,other
571626367,mixed,other
392046903,mixed,other
42586014,mixed,other
29216247,mixed,other
3090902909,mixed,other
2541025128,mixed,other
476485701,mixed,other
1560492025,mixed,other
1087353870,mixed,other
1367945744,mixed,other
21612965,mixed,other
64366162,mixed,other
2874109600,mixed,other
20280716,neutral,leave
578060313,negative,other
744734906,negative,other
59497906,mixed,other
2221161168,mixed,other
179727529,mixed,other
3433148488,mixed,other
2228504462,mixed,other
161740961,positive,other
1369419482,positive,other
37538986,positive,other
56809304,positive,other
2390700720,mixed,other
930809724,mixed,other
593741888,mixed,other
599169031,mixed,other
2836961234,mixed,other
282904032,mixed,other
809150330,positive,other
2590679485,mixed,other
996335270,mixed,other
4439218752,mixed,other
605575127,mixed,other
2572535796,mixed,other
411001661,mixed,other
27652717,mixed,other
2929814659,mixed,other
3886801458,mixed,other
1343354948,mixed,other
257654076,mixed,other
3226583923,mixed,other
1851611528,mixed,other
3194838870,mixed,other
418540325,mixed,other
476686277,mixed,other
3331100733,mixed,other
63511383,mixed,other
3292358419,mixed,other
312810501,mixed,other
339073099,mixed,other
3133271,mixed,other
209671490,mixed,other
178334861,mixed,other
23227936,mixed,other
717561066,mixed,other
2816214692,mixed,other
205640472,mixed,other
2505010524,mixed,other
417992966,mixed,other
1106283878,mixed,remain
222098610,mixed,other
903565902,mixed,other
347143265,mixed,other
23649697,mixed,other
1349602268,mixed,other
2896223487,mixed,other
101457999,mixed,other
1343038112,mixed,other
1362031416,mixed,other
118351047,mixed,other
1085921,mixed,other
533598342,mixed,other
253428481,mixed,other
3423735975,mixed,other
1308616477,mixed,remain
157750710,negative,other
2804471717,neutral,other
197776953,mixed,other
2775675455,mixed,other
1570407782,mixed,other
1374627038,mixed,other
1652582130,mixed,other
1676116770,mixed,other
1603601010,mixed,other
2468932741,mixed,other
2999510921,negative,other
69238303,mixed,other
3242266313,mixed,other
3119231783,mixed,other
8090562,mixed,other
3043131903,negative,other
472283873,mixed,other
538073780,mixed,other
3064986503,mixed,other
747792528,mixed,other
353713166,mixed,other
266001088,mixed,other
941649570,mixed,other
20392809,mixed,other
207619416,negative,other
3293055102,mixed,other
2438225114,positive,other
2977675629,neutral,other
29095033,mixed,other
2778474733,mixed,other
166989968,mixed,other
1485539905,mixed,remain
313510104,mixed,other
4054643129,mixed,other
25660098,mixed,other
1462000765,negative,other
15776298,positive,other
218805720,mixed,other
329215336,mixed,other
359909279,mixed,other
1200763573,mixed,other
62883300,neutral,other
363724934,mixed,other
135244066,mixed,other
189107137,mixed,other
327400296,mixed,remain
486495400,mixed,remain
2357300184,mixed,other
62752145,negative,other
18562859,mixed,other
309063719,neutral,other
224004018,mixed,other
300357501,mixed,other
1001813857,mixed,other
559530477,mixed,other
626701400,mixed,other
2802143101,negative,other
8303022,mixed,other
3299094737,mixed,remain
32353291,mixed,other
273559383,negative,other
628469828,mixed,remain
2848238315,mixed,other
425088489,mixed,other
189699584,negative,other
252062789,mixed,other
1354203150,mixed,other
21001033,mixed,remain
20516387,negative,other
3321185645,mixed,other
933093036,mixed,other
147505769,mixed,other
501808599,mixed,other
232117609,mixed,other
373481031,neutral,remain
3037835352,positive,other
3304898316,mixed,other
990802033,mixed,other
2467803662,mixed,other
4417338814,positive,other
873603990,positive,other
2904898289,mixed,other
947505115,mixed,other
975627246,mixed,other
508995337,mixed,other
33449835,mixed,other
2364434006,mixed,other
54747537,mixed,other
2588100114,mixed,other
250104707,mixed,other
28165046,mixed,other
108413307,mixed,other
12790962,mixed,other
350362817,mixed,other
3589608317,mixed,other
23233309,mixed,other
158021529,mixed,other
3351605332,mixed,other
404127899,mixed,remain
395520049,mixed,other
2229021782,mixed,other
2213941196,mixed,other
26985345,mixed,other
20066455,mixed,other
303444742,mixed,other
305644780,neutral,other
39972616,positive,other
2608849720,mixed,other
317147446,mixed,other
1120468014,mixed,remain
236342315,mixed,other
585891682,mixed,other
1193529589,mixed,other
43317553,negative,other
4504166614,neutral,other
19343618,mixed,other
2842567535,mixed,other
347905084,mixed,other
401915063,positive,other
484595728,positive,remain
96096222,mixed,other
159071681,negative,remain
510963302,mixed,other
2329053258,mixed,other
21352370,mixed,other
611585332,mixed,other
260169083,mixed,other
133236916,mixed,other
115897650,mixed,other
2519624851,mixed,other
430767176,mixed,other
106323953,mixed,other
157760297,mixed,other
2847020799,mixed,other
131138714,positive,other
2308190412,mixed,remain
127480750,mixed,other
2767419671,mixed,other
193188160,mixed,other
294176860,mixed,other
4105686663,mixed,other
2785489984,positive,remain
147249029,mixed,other
33852508,mixed,other
27692596,mixed,other
214131906,mixed,other
2334410965,mixed,other
229796532,negative,other
828717014,mixed,remain
4085028765,mixed,other
630638597,positive,other
2324408143,mixed,other
2540218357,negative,other
349218120,mixed,other
17990493,mixed,other
137274378,mixed,other
829647236,mixed,other
406993206,mixed,other
2344022562,mixed,remain
89929611,mixed,other
2865155043,mixed,remain
374434260,negative,other
4119446079,mixed,other
1668992125,mixed,other
2651818933,mixed,other
83661225,mixed,other
118192849,neutral,remain
769582129,mixed,other
1205903011,mixed,other
1248977552,mixed,other
142344198,mixed,other
591226078,negative,other
32141968,mixed,other
2572477796,neutral,remain
186947829,mixed,other
2449639681,mixed,other
5014281,mixed,other
14920829,mixed,other
570057322,mixed,other
293752292,mixed,other
55509358,mixed,other
15823893,mixed,other
45542386,mixed,other
1916971118,mixed,other
2793882489,mixed,leave
556649719,mixed,other
3294916911,mixed,other
278154986,mixed,other
867070008,mixed,remain
67845090,mixed,other
1359357403,mixed,remain
36634949,mixed,other
46083791,mixed,other
309270972,mixed,other
3081743291,mixed,other
125096525,mixed,other
2338354393,mixed,other
267348157,mixed,other
3313398158,mixed,other
16139649,mixed,other
1110212028,mixed,other
459390022,mixed,other
11731922,mixed,other
19192009,mixed,other
2781024266,mixed,other
4703820421,mixed,other
3243888064,mixed,other
4528064150,mixed,other
105319446,mixed,other
562017666,mixed,other
2805359148,mixed,other
105816407,mixed,other
2626128637,mixed,other
2784561011,mixed,other
78624956,mixed,other
28957851,mixed,other
3390732423,positive,remain
155520880,neutral,other
15798091,mixed,other
3194078982,mixed,other
1903612183,positive,other
44906914,mixed,other
273436679,mixed,remain
495043728,mixed,other
17895820,mixed,other
161036163,mixed,other
86746980,mixed,other
339581928,mixed,remain
8973062,mixed,other
158735149,mixed,other
317679514,mixed,remain
4118427075,mixed,other
4252585769,positive,other
178111796,mixed,other
246290573,mixed,other
172683184,mixed,other
255718141,mixed,other
44913696,mixed,other
51052182,mixed,other
1152139908,mixed,other
492812608,mixed,other
92769146,mixed,other
29950404,mixed,other
2875501614,mixed,other
252535708,mixed,other
22646514,mixed,other
948573114,mixed,remain
2373445755,neutral,other
209487731,mixed,other
1948696680,mixed,other
69080476,mixed,other
1609146835,mixed,other
190323792,positive,other
38177107,mixed,other
3147651,mixed,other
66873,mixed,other
585460615,mixed,other
2208541680,mixed,other
51132718,mixed,other
101798865,mixed,other
491665980,mixed,other
542745330,mixed,other
298704150,mixed,other
3310721075,mixed,other
231726084,mixed,other
19730131,mixed,other
204877320,mixed,other
421319631,mixed,other
403291378,mixed,other
587203543,mixed,other
2486652485,mixed,other
748414562,mixed,other
203518181,mixed,other
441181353,mixed,other
2576627054,mixed,remain
92564226,mixed,remain
803353488,mixed,other
380430658,mixed,other
493370166,mixed,other
2846809907,mixed,other
225038441,mixed,other
288638912,mixed,other
3822443837,mixed,other
121855199,mixed,leave
20770862,mixed,other
492034711,mixed,other
20134451,mixed,other
272899447,positive,other
140827633,mixed,other
2192380736,mixed,other
168425731,mixed,other
3025555457,negative,leave
1668764010,mixed,other
415427768,mixed,other
23443605,mixed,other
1076260579,mixed,other
2804303952,mixed,remain
204966358,mixed,remain
1009905266,mixed,remain
2253203910,neutral,remain
1186190838,mixed,other
1143112783,mixed,other
436326987,mixed,other
3075976759,mixed,other
1043424619,mixed,other
34713362,mixed,other
292230256,mixed,other
2353539890,mixed,other
936809216,mixed,other
417000952,mixed,other
2346253319,mixed,other
468174468,mixed,other
3600736937,mixed,other
4250038481,mixed,other
3389264507,mixed,remain
544671442,mixed,other
16311281,positive,leave
3385583361,mixed,other
93381495,mixed,other
60886384,negative,other
3673062019,mixed,other
236479810,mixed,other
19422545,mixed,other
75754200,negative,other
2936724450,positive,remain
36635797,mixed,other
1414582549,mixed,other
9422372,mixed,other
272344158,negative,other
66332507,negative,other
2389748504,mixed,other
4021044853,mixed,other
893094091,mixed,other
1520417005,mixed,remain
2166261384,mixed,other
534826529,mixed,remain
40353863,mixed,other
2862432532,positive,other
175436934,mixed,other
72249574,mixed,other
3351687010,mixed,other
3354083716,mixed,other
17780391,mixed,other
425781128,mixed,other
17537743,mixed,other
3151289493,mixed,other
3517506675,mixed,other
1336478232,mixed,other
447795954,mixed,other
595361661,negative,remain
273582456,mixed,other
101263083,mixed,other
237724213,mixed,other
906735979,mixed,other
2215726688,mixed,other
2165253998,mixed,remain
87549962,mixed,other
20402451,mixed,other
14163474,mixed,remain
405407239,mixed,other
24859059,mixed,other
2428985737,negative,remain
68806595,mixed,other
301875189,mixed,other
17024991,mixed,other
368903773,mixed,other
313488283,negative,other
337060340,mixed,other
32369839,mixed,other
19529210,mixed,other
48610914,mixed,other
1764389185,mixed,other
36796554,negative,other
49592293,mixed,other
1967050530,mixed,other
1711239498,mixed,other
237122922,mixed,leave
188464696,mixed,other
3392820573,positive,remain
157665977,mixed,other
210376076,mixed,other
45260924,mixed,remain
112902058,mixed,other
2474631319,mixed,other
234442133,mixed,other
621533,mixed,other
22600514,neutral,other
116642061,positive,other
295317264,mixed,other
31244581,mixed,other
829779132,mixed,other
3136363472,mixed,other
2160973969,mixed,other
2816884699,mixed,other
398110728,mixed,other
3524068456,positive,other
512036831,mixed,other
2532900043,mixed,remain
861193664,mixed,other
196498971,mixed,other
957220153,mixed,other
914239874,mixed,other
981158917,mixed,other
497789134,mixed,other
321294341,mixed,other
3292911977,mixed,other
240375818,mixed,other
46671396,mixed,other
291687597,mixed,other
455776925,mixed,other
555835154,neutral,other
17163446,mixed,other
90350594,mixed,other
3358305718,mixed,other
494026634,positive,other
77528520,mixed,other
23765349,mixed,other
151549787,mixed,remain
394160128,mixed,other
38667770,mixed,other
46615988,mixed,other
376186410,mixed,other
1863153056,mixed,other
1345173715,mixed,other
323685593,mixed,other
408067826,mixed,other
56978179,mixed,other
238830916,mixed,other
111118288,mixed,other
257500789,mixed,other
146527302,mixed,other
44463986,mixed,other
296791725,mixed,other
560521928,mixed,other
195658478,mixed,other
450174291,mixed,other
445822246,mixed,other
372184250,mixed,other
1443624139,mixed,other
556043515,mixed,other
150845653,mixed,other
2462995626,mixed,other
599374897,neutral,other
1062894738,mixed,other
38282795,mixed,other
22125489,mixed,other
587301887,positive,other
2848774011,mixed,other
137700234,mixed,other
3915995360,mixed,other
496913969,mixed,other
18951658,mixed,other
1438502760,mixed,leave
38823427,mixed,other
219648583,negative,other
60486908,mixed,other
2229992075,mixed,other
419951447,mixed,other
379222014,mixed,other
382289387,mixed,other
57140290,mixed,other
306452676,mixed,other
586613020,mixed,other
355511046,mixed,other
4045734256,mixed,leave
2901964056,mixed,other
21223877,mixed,other
521277615,mixed,other
2274839983,mixed,other
145659842,mixed,other
3493524137,mixed,other
226512656,mixed,other
29009528,mixed,other
632511744,mixed,other
2586406418,mixed,other
1731763963,mixed,other
4706703257,mixed,other
1615254391,negative,other
2977103711,mixed,other
3047138102,mixed,other
225376513,mixed,other
4707074956,mixed,other
454939289,mixed,other
128118246,mixed,remain
2777145433,mixed,other
116273314,mixed,other
2813112364,positive,other
4000549162,neutral,other
3309139420,mixed,other
1189743062,mixed,remain
284992262,mixed,other
1731383101,mixed,other
1262414274,mixed,other
1854041576,mixed,other
1731591678,mixed,other
1731705727,mixed,other
1731312690,mixed,other
215638702,mixed,other
2330702908,mixed,leave
2208839136,negative,other
2495875008,mixed,other
2332024057,mixed,other
14275129,mixed,other
334890757,mixed,other
154063703,negative,other
37845529,mixed,other
49443643,mixed,other
984287377,mixed,other
210187957,mixed,other
2180489057,mixed,other
2208677737,mixed,other
82576063,mixed,other
2943736768,mixed,remain
117519659,mixed,other
16219459,negative,other
28153563,mixed,other
873079502,mixed,other
399246036,mixed,remain
91545924,neutral,other
544404148,mixed,remain
47576958,mixed,other
573493507,mixed,other
184742394,mixed,other
20922525,mixed,other
55611314,mixed,other
23581265,mixed,other
3011965307,mixed,other
1072583418,positive,other
263647843,mixed,other
20585449,mixed,other
1025825479,mixed,other
88406498,mixed,other
2346770258,mixed,other
1541234203,mixed,remain
440877283,mixed,other
39465286,mixed,other
170413035,mixed,other
342644076,mixed,other
1278050952,mixed,other
1672302936,mixed,remain
15653014,mixed,other
15701017,mixed,remain
2575899541,mixed,other
538269776,mixed,other
618242883,mixed,other
487510550,mixed,other
18602626,mixed,other
422022430,positive,remain
337708461,mixed,other
4217720103,mixed,other
381143161,neutral,other
113389280,mixed,remain
2216508649,mixed,remain
17865711,mixed,other
15613324,negative,other
418217963,mixed,other
16943925,negative,other
2478392850,mixed,other
3761322683,mixed,other
2235917540,mixed,other
3245469207,positive,leave
17875848,mixed,other
20912670,positive,other
1380353030,mixed,remain
2550811854,mixed,remain
142020650,mixed,other
595124541,mixed,other
415465501,mixed,other
249768777,mixed,other
3175484619,mixed,remain
2375311836,mixed,other
2637300398,mixed,other
99471977,mixed,remain
121158213,mixed,other
40328384,mixed,other
3694310716,mixed,other
17965092,mixed,other
2935295073,mixed,other
601089226,mixed,other
3188677015,mixed,other
21199633,positive,remain
19935108,mixed,other
633556748,mixed,other
17875811,mixed,other
795521690,mixed,other
240271345,mixed,other
2256972362,mixed,other
997293914,mixed,other
856010760,mixed,other
237941696,mixed,other
18662449,mixed,other
447349987,mixed,other
1914170347,mixed,other
133663801,mixed,remain
18022037,mixed,other
3037505813,mixed,other
926067757,mixed,other
2927021722,mixed,other
57688074,mixed,other
84041516,mixed,other
163832857,mixed,remain
388383447,mixed,other
2893323185,mixed,other
201382546,mixed,other
5499602,mixed,other
3512242402,negative,other
51460545,mixed,other
3257067453,mixed,other
34625445,mixed,other
208433533,mixed,other
21408400,mixed,other
474788981,mixed,other
348434789,mixed,other
10971502,mixed,other
2874007189,mixed,other
268900152,mixed,other
469832089,mixed,other
976988131,mixed,other
469848894,mixed,other
86759043,mixed,other
1513760676,positive,other
1311587726,mixed,other
2891791995,mixed,other
1162112953,mixed,other
847188690,mixed,other
597445019,mixed,remain
2182497116,mixed,other
129550342,mixed,other
97470270,mixed,other
326616900,mixed,other
1169031146,mixed,other
761146784,mixed,other
2291309870,mixed,other
2562709148,mixed,other
989166360,mixed,other
787546010,mixed,other
103935813,mixed,other
16654768,mixed,other
381718723,mixed,other
345517008,mixed,other
55232967,mixed,other
219016598,mixed,other
395090674,mixed,other
1028915132,mixed,remain
2231301349,mixed,other
102793411,mixed,other
3068186927,mixed,other
375621789,mixed,other
14627081,mixed,other
83250378,mixed,other
4084169127,mixed,other
194499826,mixed,other
473131319,mixed,other
3535513037,mixed,other
2784366631,mixed,other
61795780,mixed,other
2305929534,mixed,other
123616345,mixed,other
328686317,mixed,remain
253813562,mixed,other
137253079,mixed,remain
25482342,mixed,other
778976910,mixed,other
4172300784,mixed,remain
16394067,mixed,other
87665434,mixed,other
1195087230,mixed,other
3817868895,mixed,remain
20180101,mixed,other
136806185,mixed,other
290160887,mixed,other
37898630,mixed,remain
2533014732,mixed,other
367637736,mixed,other
16174187,mixed,other
2182345454,mixed,other
4143660646,mixed,other
3536315294,positive,leave
866549233,mixed,other
1557483554,mixed,other
1664939335,mixed,other
62096167,positive,other
195699945,mixed,other
336020675,mixed,other
43774629,mixed,other
4697085529,positive,other
139198644,negative,other
605304896,mixed,other
493174446,mixed,remain
19916920,mixed,leave
251752579,mixed,other
14619565,mixed,other
106588420,mixed,other
112747728,mixed,other
3201139757,negative,other
551072930,mixed,other
322254752,mixed,other
127668101,mixed,other
1140059360,mixed,other
203044507,mixed,other
35769534,mixed,other
22913742,mixed,other
22179579,mixed,other
198793305,mixed,other
17687202,mixed,other
383668576,mixed,other
2862896183,mixed,other
272467910,mixed,other
302784992,mixed,other
123933889,positive,other
28096651,mixed,other
45715838,mixed,other
18673064,mixed,other
135989677,mixed,other
196300844,mixed,other
466469335,mixed,other
14085096,mixed,other
3295166474,mixed,other
3032393469,mixed,other
120036324,mixed,other
102674051,mixed,other
2771376140,mixed,other
1151499205,mixed,other
2777975796,mixed,other
89227431,mixed,other
2769446331,positive,leave
3318406450,mixed,remain
941692219,negative,other
29999737,negative,other
3041523664,mixed,other
1429666615,mixed,other
3092360543,mixed,other
1159642266,mixed,remain
1168275776,mixed,other
2605893493,mixed,other
47456979,mixed,other
802119656,mixed,other
475747980,mixed,other
17884125,mixed,other
633248951,mixed,other
249089439,mixed,other
18568556,mixed,other
934870518,mixed,other
1493246966,mixed,other
46849519,positive,other
327038606,mixed,other
2804480622,mixed,other
3122211,mixed,other
1935079483,mixed,other
57661046,mixed,other
45800689,mixed,other
26872414,mixed,other
2492983705,mixed,other
1066949670,mixed,other
24358021,positive,other
68659708,mixed,other
3682565893,neutral,other
3682601773,neutral,other
457642629,mixed,other
610514508,mixed,other
23793085,mixed,other
99041669,mixed,remain
54351001,mixed,other
137022165,mixed,other
47636400,mixed,other
2978115501,positive,other
293580185,mixed,other
3729134428,positive,other
28139449,mixed,other
271973260,neutral,other
1038620035,mixed,other
184939936,mixed,other
2252503480,mixed,other
281742223,mixed,remain
4536278127,mixed,other
1042549291,neutral,other
329161047,mixed,other
394638872,mixed,other
14808226,mixed,other
701161117,mixed,other
3372909635,mixed,other
2946229697,mixed,other
65587192,mixed,other
341054873,mixed,other
1318373582,mixed,other
2359318093,mixed,other
21997682,negative,remain
3927705615,mixed,other
88366277,mixed,other
44081874,mixed,remain
3138521631,mixed,other
19709510,mixed,other
400655791,mixed,other
317882775,mixed,other
45634143,negative,other
579256074,mixed,other
590312609,mixed,other
130597263,mixed,other
380847682,mixed,remain
14493067,mixed,other
3364698892,mixed,other
1109851152,mixed,other
570836581,mixed,other
23768201,mixed,other
3435756377,mixed,other
1373142612,mixed,other
833070439,mixed,other
28661343,mixed,other
2607360637,positive,other
281183285,mixed,other
233156917,mixed,other
24748347,mixed,other
122940070,mixed,other
149084035,mixed,other
338344163,neutral,other
823161049,positive,other
1097771036,mixed,other
3135098986,mixed,other
91312079,mixed,other
2625492910,negative,remain
158690397,mixed,other
73128344,mixed,other
109974397,mixed,other
164055402,mixed,other
2833818668,mixed,other
58485081,mixed,other
1229641040,mixed,other
1104111116,negative,other
3438202888,mixed,other
281452710,positive,other
68741628,mixed,other
381486941,mixed,other
14085002,mixed,other
16252903,mixed,other
83811105,negative,other
566644076,mixed,other
20668906,mixed,other
256716733,mixed,other
4713450994,positive,remain
358418628,mixed,other
315219881,mixed,other
1254661226,negative,other
2271783445,mixed,other
1483217395,mixed,other
84082649,mixed,other
94576198,mixed,other
155337323,mixed,other
2726447790,mixed,other
18809898,mixed,other
1001992369,mixed,other
1733162454,mixed,other
257088949,mixed,other
125022136,mixed,other
354726923,mixed,other
26325075,mixed,other
236330848,mixed,remain
390723707,mixed,other
19855612,positive,other
376775023,mixed,other
218092926,mixed,other
228410269,mixed,other
136881432,mixed,other
340814333,mixed,other
507429750,mixed,other
8766702,mixed,other
499960875,mixed,other
453856839,mixed,other
182853885,mixed,other
3297922053,mixed,other
273155723,mixed,other
1952818166,mixed,other
337063401,mixed,other
2549979386,mixed,other
799150309,mixed,other
805752656,mixed,other
737662800,mixed,other
2386108843,mixed,other
477710702,neutral,other
1444157634,neutral,other
848174551,mixed,other
50352980,mixed,other
2491232900,mixed,other
1734681512,mixed,other
22279004,mixed,other
450896622,mixed,other
65192394,mixed,other
272918755,mixed,other
790546093,mixed,other
6015212,mixed,remain
42498542,mixed,remain
1242279008,mixed,other
18213163,mixed,other
49233000,mixed,other
20562637,mixed,other
16746076,mixed,other
34842243,mixed,other
223002553,mixed,remain
86171168,mixed,remain
42229043,mixed,other
19868904,mixed,other
619051880,mixed,other
19451560,mixed,other
48998272,mixed,remain
199088271,mixed,remain
588361459,mixed,other
138524618,mixed,remain
14922536,mixed,other
106925853,mixed,other
589997266,mixed,other
1976357976,mixed,other
1440028286,mixed,remain
45932801,mixed,remain
171209540,mixed,other
88001681,mixed,other
94086699,mixed,other
2369228766,mixed,other
2855041037,mixed,other
138832318,negative,other
70896129,mixed,other
396986369,mixed,remain
2723146868,mixed,remain
111142773,mixed,other
80473367,mixed,other
3052926685,mixed,other
1179710990,mixed,other
396797216,mixed,other
2773632487,mixed,other
2706755953,mixed,other
2707007660,mixed,other
2706445482,mixed,other
110434540,mixed,other
39731436,mixed,other
4165273288,mixed,other
4190266593,mixed,other
2516340558,mixed,other
619155928,mixed,other
1584070627,mixed,other
570082199,mixed,other
2583673568,mixed,other
123107239,mixed,other
50154932,mixed,other
1068712070,mixed,other
49310634,mixed,other
304884944,mixed,other
2736512435,mixed,other
45181090,mixed,other
465580387,negative,other
461827669,mixed,other
3378663010,neutral,other
2792425646,mixed,other
2266527841,mixed,other
225042852,mixed,other
390254782,mixed,remain
1417139450,mixed,other
733264453,mixed,remain
625548925,mixed,remain
1490528286,positive,leave
441187574,mixed,remain
1650539874,positive,leave
1924197108,positive,leave
195229043,mixed,remain
260632904,mixed,other
24214759,mixed,other
60028698,mixed,other
2502467109,mixed,leave
4612157237,mixed,other
2968913685,neutral,other
494454945,negative,other
23452759,mixed,other
3415399805,mixed,other
2968679963,mixed,other
6810242,mixed,other
23207410,mixed,leave
1533143322,mixed,other
20595504,mixed,other
3492479789,mixed,remain
17622098,mixed,other
33227875,mixed,other
35227730,mixed,other
20860190,positive,other
2797396292,negative,other
3086723719,mixed,other
2788312034,negative,other
24692487,mixed,other
268487073,mixed,other
16030327,mixed,other
20901851,mixed,other
403470749,mixed,other
28527686,negative,other
343713693,mixed,other
49035671,mixed,other
301348885,mixed,other
67036582,mixed,other
2595176995,mixed,other
22642056,mixed,other
23185674,mixed,other
4626131069,neutral,remain
1450876442,mixed,other
135598300,mixed,other
14138603,mixed,other
4553245280,mixed,other
4553119632,mixed,other
4446594875,mixed,other
4609709756,positive,other
4609716918,positive,other
22502527,mixed,other
2196006330,mixed,other
3013003843,mixed,other
81703941,negative,other
414853156,mixed,other
1938891602,mixed,other
11711862,mixed,other
138443341,mixed,other
349381100,mixed,other
634496564,mixed,other
496326581,positive,other
1275759283,mixed,other
43877765,mixed,other
3249175954,positive,other
3438230812,positive,remain
271080643,mixed,other
216642693,mixed,other
206134168,mixed,other
223157835,mixed,other
1190619092,mixed,other
632880472,mixed,other
859931036,mixed,other
1208771298,mixed,other
562236448,mixed,other
344591305,mixed,other
279973454,mixed,other
2194982924,positive,other
4328945783,negative,other
19777438,mixed,other
1726164636,mixed,other
217795218,positive,other
292842529,mixed,other
515851872,mixed,other
3068408901,mixed,other
363253821,mixed,other
362731021,mixed,other
2221986284,mixed,other
363258777,mixed,other
363224666,mixed,other
203811300,mixed,other
533578801,mixed,other
3003173050,mixed,other
110652735,mixed,other
3004212106,negative,other
20988550,negative,remain
1401614113,mixed,other
5862532,mixed,other
61521810,positive,other
161227746,mixed,remain
19351066,mixed,other
4709135909,mixed,other
61102833,positive,other
2533094488,mixed,other
1223389308,mixed,other
1137826866,mixed,other
2186457975,mixed,remain
3397411169,mixed,other
3043883339,mixed,other
28234634,mixed,other
3144449631,mixed,other
4193226789,mixed,other
2473535811,negative,other
22666780,mixed,other
166583088,mixed,other
4048259655,mixed,other
430245429,mixed,other
385864702,neutral,other
1058939384,mixed,other
156709781,mixed,other
17968258,mixed,other
83109088,negative,remain
122662012,mixed,other
71114802,mixed,other
64000527,mixed,other
2728977696,mixed,other
4718805797,mixed,other
19158925,mixed,other
50502447,mixed,other
39743549,mixed,other
4656317909,mixed,other
20368957,mixed,other
582894171,mixed,other
395020586,mixed,other
145671928,mixed,other
219456015,mixed,leave
14687256,mixed,other
144506518,mixed,other
276930324,mixed,other
2618258380,negative,other
125604902,mixed,other
806048600,mixed,other
185789804,mixed,other
1052785512,mixed,other
2493701,mixed,other
3100378623,mixed,other
2340933980,mixed,other
196117813,mixed,other
330925718,mixed,other
96237313,mixed,other
34741879,negative,other
76910975,mixed,other
28105607,mixed,other
171442993,mixed,other
3309519556,mixed,other
375032879,mixed,other
599145252,mixed,other
9919602,mixed,other
705865183,mixed,other
4363400483,positive,other
2519894455,mixed,other
115913059,mixed,other
1172571643,mixed,other
569057715,mixed,other
843927324,mixed,other
936365298,mixed,other
32861321,mixed,remain
387306477,mixed,other
592927998,mixed,other
480760863,neutral,other
588286522,mixed,other
2891328703,mixed,other
2445185294,mixed,other
232591631,mixed,other
447005422,neutral,remain
37072353,mixed,other
114188082,mixed,other
14190593,mixed,other
2508422724,mixed,other
4010844315,mixed,other
1374909770,mixed,other
66215408,mixed,other
336450612,mixed,other
30014270,mixed,other
250068634,mixed,other
203670402,mixed,remain
792460832,mixed,other
804014294,mixed,other
324964510,mixed,other
533471574,mixed,other
1962589284,mixed,remain
964362996,mixed,other
483149562,mixed,other
4370662756,mixed,other
1032058076,mixed,other
130871721,positive,other
430761655,mixed,other
788181799,mixed,remain
295746379,mixed,other
2313523902,mixed,remain
916610725,mixed,other
257587581,mixed,other
222071099,mixed,other
19497653,mixed,other
309126590,mixed,other
155218018,mixed,other
343574186,mixed,other
257795450,mixed,other
2426920121,mixed,other
959947411,mixed,other
2225025036,mixed,other
18541636,mixed,other
246734367,mixed,other
7174972,mixed,other
25667702,mixed,other
884184042,positive,other
2371261604,mixed,other
22846112,mixed,other
2815003576,mixed,other
396135273,mixed,other
2902821,mixed,other
4079154988,mixed,remain
1407507386,neutral,other
492092224,mixed,other
109672719,mixed,remain
101598139,mixed,other
1020397926,mixed,other
90806990,mixed,other
386542585,mixed,other
133657261,neutral,other
3310803387,mixed,other
24359911,mixed,other
2484346413,mixed,other
9623582,mixed,other
1909306080,mixed,other
1098982633,mixed,other
2761757535,mixed,other
424975108,mixed,other
209734424,mixed,other
2447038212,mixed,other
19011697,mixed,other
3025931330,mixed,other
272096898,mixed,other
804944143,mixed,other
2167456620,neutral,other
29682007,positive,remain
3047786710,mixed,other
1210011096,mixed,other
101870008,mixed,other
2653562108,mixed,remain
618137887,mixed,other
155273629,mixed,other
130463591,mixed,other
1280976728,mixed,other
365549928,mixed,other
4127905264,mixed,other
4149233415,mixed,other
57957137,mixed,other
3638128881,mixed,other
80852128,mixed,other
5136281,mixed,other
411443328,mixed,other
186983481,mixed,other
325221033,mixed,remain
2365667401,negative,other
3088796493,mixed,other
25488725,mixed,other
10121022,mixed,other
19654407,mixed,other
3542881157,mixed,other
747943932,mixed,other
542898267,positive,other
1420724989,mixed,other
209796062,mixed,remain
1268018504,mixed,other
339811914,mixed,other
4691217391,positive,other
1232314759,mixed,other
2753387726,mixed,other
154080395,neutral,other
2537198585,mixed,other
609488300,mixed,other
139221296,mixed,other
18850192,mixed,other
55419810,mixed,other
24502699,mixed,other
1625182088,mixed,other
4089692663,mixed,other
140119443,mixed,other
995764722,mixed,other
1894896583,mixed,other
194420139,mixed,other
196145717,mixed,other
311381225,mixed,remain
49605172,mixed,other
23419018,mixed,other
139803217,mixed,other
45305921,mixed,other
161684735,mixed,other
18937510,mixed,other
369982494,mixed,other
1114319616,mixed,other
428610062,mixed,remain
587777343,mixed,other
330133120,mixed,other
2903221,mixed,other
454015086,mixed,other
484697894,mixed,other
175322763,mixed,other
85113534,mixed,other
434352347,mixed,other
267283669,mixed,other
3291634115,mixed,remain
301491152,positive,other
420938460,mixed,other
281052918,mixed,other
61439905,mixed,other
4118029197,mixed,other
137393382,mixed,other
347890756,neutral,other
237198979,neutral,other
913793736,neutral,remain
148367350,mixed,other
229499804,mixed,other
1156879075,mixed,other
2180971107,mixed,other
318972251,mixed,other
29984637,mixed,other
17116570,neutral,other
8720562,mixed,other
2799903949,mixed,other
1485796802,mixed,remain
2365586707,mixed,other
20449363,negative,other
190145090,mixed,other
202159797,negative,other
140473314,mixed,other
25488729,mixed,other
2402787696,mixed,other
313507132,mixed,other
203412480,mixed,other
444118187,mixed,other
2420112513,mixed,other
1262249239,mixed,other
314564645,mixed,other
112650483,mixed,other
4141162227,mixed,other
4689476767,mixed,other
431437050,mixed,other
34674979,mixed,other
107681117,negative,remain
153826040,mixed,other
277435177,mixed,other
1427610757,negative,other
4360412417,mixed,other
251502287,mixed,other
64698827,mixed,remain
17732518,mixed,other
703840690,neutral,other
46711375,mixed,other
22314440,negative,other
473665415,mixed,other
1254323509,mixed,other
555299478,mixed,other
132136847,mixed,other
3065675733,mixed,other
79663990,mixed,other
36312312,mixed,other
198141781,mixed,remain
2180164291,mixed,remain
57675435,mixed,other
63681843,mixed,other
2874682620,mixed,other
141765939,positive,other
4126734939,positive,other
164617045,negative,other
326325089,positive,leave
364384953,mixed,other
13666,mixed,other
259685077,mixed,other
309190582,mixed,other
2649099231,mixed,leave
2849708643,mixed,other
3360099802,mixed,remain
705609038,positive,other
261599010,mixed,other
1027152660,mixed,other
18446493,mixed,other
4104171795,mixed,other
16884804,mixed,other
3040474978,mixed,other
4155584686,mixed,other
4148196375,mixed,other
4155612447,mixed,other
2911255590,mixed,other
353614651,mixed,other
118710898,positive,other
71228052,mixed,other
176089366,mixed,other
17674721,mixed,other
83420146,mixed,other
213813339,mixed,other
3378740320,positive,leave
111298617,mixed,remain
1124992675,mixed,other
632321585,mixed,other
2385891318,mixed,other
220066548,mixed,other
1543054722,mixed,other
21895544,mixed,other
43317911,mixed,other
579702107,mixed,other
63222576,mixed,other
175736280,mixed,other
142742817,mixed,other
2189967965,mixed,other
1204707642,mixed,other
10971102,mixed,other
39723601,mixed,other
69606460,mixed,other
16872315,mixed,other
619798240,mixed,remain
20059367,mixed,other
2721681444,mixed,other
220284089,mixed,remain
453815493,mixed,other
20578408,mixed,other
2495611461,mixed,other
37400272,mixed,other
41439201,mixed,other
1519811394,mixed,other
1395321296,mixed,other
607591827,mixed,other
20217233,mixed,other
385482181,mixed,other
24211594,mixed,other
352516972,mixed,other
278654851,neutral,other
3368977690,neutral,other
406572284,neutral,remain
1121931865,mixed,other
79231168,mixed,other
117812426,mixed,other
3194158978,mixed,other
872363382,negative,remain
427351151,positive,other
116714197,mixed,other
131803337,mixed,other
3246226755,mixed,other
2515429872,mixed,other
295309894,mixed,leave
18730891,negative,other
39974818,mixed,other
745165314,mixed,other
394030725,mixed,other
282743659,negative,remain
63493080,mixed,other
1461324265,mixed,other
60890273,mixed,other
81831058,positive,other
3345295611,mixed,other
108248368,negative,other
19444575,mixed,other
3245983359,mixed,other
655053,mixed,other
136069644,mixed,other
132464577,negative,other
128929917,mixed,other
526871737,mixed,other
2768195631,mixed,other
125630768,mixed,remain
107398834,mixed,other
2754554921,mixed,other
426745514,mixed,other
34574723,mixed,other
240833936,mixed,other
42399611,mixed,remain
1951828382,mixed,remain
74964809,mixed,remain
249750606,negative,other
985567560,mixed,other
589532852,negative,remain
20506813,mixed,other
2359668194,mixed,other
326183612,mixed,remain
28970862,mixed,other
809212045,mixed,other
379684649,mixed,other
38392000,mixed,other
600481665,mixed,other
493214159,mixed,other
287212988,mixed,other
89910128,mixed,other
18269121,positive,other
1565387353,mixed,other
113475754,mixed,remain
1722640027,mixed,other
1447505143,mixed,other
233978509,mixed,other
3328324881,negative,other
16647735,mixed,other
400332409,positive,other
65587194,mixed,other
116176753,mixed,other
15851554,mixed,other
60224020,mixed,other
1425210032,mixed,other
361178692,mixed,other
744320436,mixed,other
204833926,mixed,other
93474576,mixed,remain
115057095,mixed,other
1280712997,mixed,other
1221100849,mixed,other
1670601139,mixed,other
2976194712,mixed,other
584769683,mixed,other
421794008,mixed,other
303671545,negative,other
20242340,mixed,other
208571127,mixed,other
146366133,mixed,other
61736345,mixed,other
376127682,mixed,other
303823238,mixed,other
531701221,positive,other
3524056997,mixed,other
266188546,mixed,other
4692461484,negative,remain
327352286,mixed,other
231401935,mixed,other
46163017,mixed,other
715885958,mixed,other
2184934963,mixed,other
268290139,mixed,other
404869528,negative,leave
2540379048,mixed,other
4351823249,mixed,other
3392453501,mixed,remain
516013018,mixed,other
42589787,mixed,other
2359203647,mixed,other
237288218,mixed,other
176981352,mixed,other
4703480701,negative,remain
587436299,mixed,other
10897702,mixed,other
32761187,mixed,other
583851456,mixed,other
96213438,mixed,other
20326751,mixed,other
309883618,mixed,other
4425709875,mixed,other
83159115,mixed,other
2910645063,mixed,other
4126539497,mixed,other
115370459,mixed,other
861144656,mixed,other
21230017,mixed,other
50278038,positive,other
376364866,positive,other
605704552,positive,other
1275427100,mixed,other
1331245213,mixed,other
382685028,mixed,other
1886122698,mixed,other
2943799235,positive,other
65518478,mixed,other
233292368,positive,other
2987519313,mixed,other
114563326,mixed,other
787977402,mixed,other
407660055,mixed,other
794541402,positive,other
524122127,mixed,other
217779492,mixed,remain
34974787,mixed,other
733168424,mixed,other
792378138,mixed,other
4008332787,mixed,other
427622541,mixed,other
579793835,mixed,other
238108301,mixed,other
280867595,mixed,other
4484891777,mixed,remain
21312185,mixed,other
49126161,mixed,other
229895793,mixed,other
25781546,mixed,other
41231330,mixed,remain
28258283,mixed,other
64353348,mixed,other
176766264,mixed,other
344870997,mixed,other
4713320237,negative,other
2369117767,mixed,other
185238719,negative,other
246869317,mixed,other
152634544,mixed,other
2675015052,positive,remain
4652369234,mixed,other
2493793087,mixed,other
205376780,mixed,other
845553265,mixed,other
207439718,mixed,other
177552925,mixed,other
2591708398,mixed,other
162427574,mixed,other
771675948,mixed,other
72825260,mixed,other
498980661,mixed,other
1951579225,mixed,other
927254347,mixed,other
1650208873,mixed,other
37950851,mixed,other
20481891,mixed,other
787189164,mixed,other
550001848,mixed,other
2252755789,mixed,other
1240485961,mixed,other
558164020,mixed,other
2717551425,mixed,other
408268854,mixed,other
2962791503,mixed,other
879090528,mixed,other
186135899,mixed,other
15964862,positive,other
113333255,mixed,other
539796290,mixed,other
48388820,mixed,other
2726477550,mixed,other
4688559642,mixed,other
2873684716,mixed,other
2317405230,mixed,other
15300677,mixed,other
2572722858,mixed,other
716115859,mixed,other
630506149,mixed,other
117808491,mixed,other
3300993130,mixed,remain
1198887463,mixed,other
16404379,mixed,other
1006708854,mixed,other
337218222,positive,remain
2665272079,mixed,other
144830278,mixed,other
335179740,mixed,other
1080836107,negative,other
19777733,mixed,other
3434555463,mixed,other
2163078708,mixed,other
235508398,mixed,other
93941450,mixed,other
841799191,mixed,other
849109190,mixed,other
79564194,mixed,other
4309985687,mixed,other
292346558,mixed,other
70121644,mixed,other
15921716,mixed,other
258091495,negative,leave
596614457,mixed,other
31168235,positive,remain
377283441,mixed,other
24234737,mixed,other
2212564818,mixed,other
2368855806,mixed,other
14623975,mixed,other
859652864,mixed,other
301491557,mixed,other
407790463,mixed,other
399361056,mixed,other
3575771895,mixed,other
2325073788,mixed,other
3299021055,mixed,other
757295132,mixed,other
1472626488,mixed,other
390294586,mixed,other
65017259,mixed,other
157167481,mixed,other
1241258612,mixed,other
49943918,mixed,other
2724082992,mixed,other
185167847,mixed,remain
325489535,mixed,other
1860699690,mixed,other
216122857,mixed,other
262194324,mixed,remain
605933238,mixed,other
1907248850,mixed,other
